order_id,order_date,region,category,units,unit_price,discount,revenue,cost,profit
O00001,2025-01-01,North,Electronics,5,231.81,0.126,1013.01,563.62,449.39
O00002,2025-01-01,East,Home,1,330.63,0.146,282.36,168.27,114.09
O00003,2025-01-02,East,Home,6,201.63,0.136,1045.25,586.49,458.76
O00004,2025-01-02,North,Office,8,123.09,0.126,860.65,539.69,320.96
O00005,2025-01-03,West,Accessories,4,28.56,0.092,103.73,75.06,28.67
O00006,2025-01-04,North,Office,8,231.03,0.177,1521.1,1066.03,455.07
O00007,2025-01-04,South,Electronics,3,155.87,0.02,458.26,254.55,203.71
O00008,2025-01-05,North,Home,3,335.05,0.115,889.56,633.59,255.97
O00009,2025-01-05,South,Home,7,211.04,0.136,1276.37,709.6,566.77
O00010,2025-01-06,North,Home,6,227.4,0.21,1077.88,639.11,438.77
O00011,2025-01-07,South,Home,1,229.86,0.102,206.41,122.82,83.59
O00012,2025-01-07,West,Office,1,196.9,0.114,174.45,136.44,38.01
O00013,2025-01-08,South,Home,1,144.98,0.125,126.86,76.92,49.94
O00014,2025-01-08,West,Home,3,169.44,0.221,395.98,310.38,85.6
O00015,2025-01-09,South,Accessories,5,243.76,0.175,1005.51,710.79,294.72
O00016,2025-01-10,South,Accessories,6,95.01,0.124,499.37,365.17,134.2
O00017,2025-01-10,West,Electronics,1,76.15,0.068,70.97,49.59,21.38
O00018,2025-01-11,West,Electronics,2,316.25,0.245,477.54,343.61,133.93
O00019,2025-01-11,West,Home,8,243.74,0.094,1766.63,1007.15,759.48
O00020,2025-01-12,West,Office,3,306.89,0.089,838.73,554.75,283.98
O00021,2025-01-13,North,Electronics,1,138.05,0.089,125.76,78.07,47.69
O00022,2025-01-13,East,Electronics,2,207.92,0.041,398.79,298.14,100.65
O00023,2025-01-14,South,Accessories,7,217.44,0.126,1330.3,758.85,571.45
O00024,2025-01-14,North,Accessories,2,314.7,0.039,604.85,458.81,146.04
O00025,2025-01-15,North,Office,6,308.94,0.066,1731.3,986.92,744.38
O00026,2025-01-16,West,Home,1,102.19,0.189,82.88,53.65,29.23
O00027,2025-01-16,West,Office,5,339.47,0.036,1636.25,1127.96,508.29
O00028,2025-01-17,North,Home,3,139.7,0.012,414.07,329.28,84.79
O00029,2025-01-18,South,Electronics,4,219.24,0.224,680.52,516.08,164.44
O00030,2025-01-18,East,Accessories,4,347.73,0.042,1332.5,748.91,583.59
O00031,2025-01-19,North,Accessories,8,151.4,0.026,1179.71,917.0,262.71
O00032,2025-01-19,East,Electronics,4,230.03,0.144,787.62,590.9,196.72
O00033,2025-01-20,South,Office,8,346.08,0.124,2425.33,1464.11,961.22
O00034,2025-01-21,West,Accessories,3,225.81,0.067,632.04,465.5,166.54
O00035,2025-01-21,East,Accessories,6,235.3,0.019,1384.98,978.69,406.29
O00036,2025-01-22,North,Accessories,5,279.03,0.2,1116.12,746.66,369.46
O00037,2025-01-22,West,Accessories,5,278.95,0.159,1172.98,907.83,265.15
O00038,2025-01-23,West,Office,1,332.59,0.036,320.62,200.36,120.26
O00039,2025-01-24,North,Office,2,232.39,0.072,431.32,247.31,184.01
O00040,2025-01-24,East,Office,4,99.11,0.207,314.38,251.44,62.94
O00041,2025-01-25,West,Electronics,3,35.5,0.227,82.32,64.96,17.36
O00042,2025-01-25,North,Office,5,41.71,0.134,180.6,140.72,39.88
O00043,2025-01-26,North,Electronics,1,337.37,0.047,321.51,207.75,113.76
O00044,2025-01-27,North,Electronics,7,290.81,0.004,2027.53,1522.17,505.36
O00045,2025-01-27,North,Accessories,1,213.78,0.03,207.37,120.37,87.0
O00046,2025-01-28,South,Electronics,8,316.49,0.213,1992.62,1619.66,372.96
O00047,2025-01-28,North,Office,2,306.49,0.185,499.58,341.2,158.38
O00048,2025-01-29,East,Office,4,135.46,0.064,507.16,385.15,122.01
O00049,2025-01-30,South,Electronics,4,286.17,0.124,1002.74,730.11,272.63
O00050,2025-01-30,North,Accessories,8,81.68,0.035,630.57,394.35,236.22
O00051,2025-01-31,South,Home,8,344.59,0.028,2679.53,1539.78,1139.75
O00052,2025-01-31,North,Office,8,120.9,0.006,961.4,700.6,260.8
O00053,2025-02-01,North,Accessories,7,108.66,0.127,664.02,380.46,283.56
O00054,2025-02-02,South,Electronics,2,76.08,0.178,125.08,85.65,39.43
O00055,2025-02-02,North,Electronics,3,201.04,0.015,594.07,409.63,184.44
O00056,2025-02-03,East,Accessories,5,316.95,0.101,1424.69,859.9,564.79
O00057,2025-02-04,South,Home,5,200.68,0.144,858.91,702.61,156.3
O00058,2025-02-04,West,Accessories,2,28.06,0.107,50.12,38.75,11.37
O00059,2025-02-05,North,Accessories,7,32.87,0.01,227.79,151.16,76.63
O00060,2025-02-05,East,Home,7,188.62,0.09,1201.51,976.34,225.17
O00061,2025-02-06,East,Electronics,6,313.13,0.152,1593.21,1013.27,579.94
O00062,2025-02-07,West,Office,6,210.42,0.052,1196.87,961.65,235.22
O00063,2025-02-07,East,Accessories,7,265.05,0.159,1560.35,882.75,677.6
O00064,2025-02-08,West,Electronics,8,295.31,0.117,2086.07,1503.12,582.95
O00065,2025-02-08,South,Home,4,59.06,0.167,196.79,151.07,45.72
O00066,2025-02-09,North,Electronics,1,158.7,0.129,138.23,81.18,57.05
O00067,2025-02-10,North,Office,8,16.28,0.004,129.72,94.22,35.5
O00068,2025-02-10,West,Office,4,155.31,0.248,467.17,287.95,179.22
O00069,2025-02-11,North,Electronics,5,302.58,0.166,1261.76,842.25,419.51
O00070,2025-02-11,East,Office,3,278.8,0.007,830.55,577.7,252.85
O00071,2025-02-12,East,Office,6,127.06,0.082,699.85,450.51,249.34
O00072,2025-02-13,South,Office,6,253.82,0.051,1445.25,1061.34,383.91
O00073,2025-02-13,South,Accessories,2,253.7,0.131,440.93,257.72,183.21
O00074,2025-02-14,West,Office,5,179.63,0.13,781.39,511.39,270.0
O00075,2025-02-14,South,Accessories,6,49.8,0.09,271.91,176.61,95.3
O00076,2025-02-15,West,Accessories,5,325.27,0.175,1341.74,923.66,418.08
O00077,2025-02-16,West,Electronics,5,206.81,0.215,811.73,521.98,289.75
O00078,2025-02-16,South,Accessories,2,74.77,0.071,138.92,97.83,41.09
O00079,2025-02-17,East,Office,3,240.76,0.024,704.95,560.06,144.89
O00080,2025-02-18,East,Accessories,8,273.3,0.249,1641.99,1272.48,369.51
O00081,2025-02-18,East,Electronics,6,52.34,0.21,248.09,196.55,51.54
O00082,2025-02-19,North,Home,3,157.37,0.072,438.12,305.04,133.08
O00083,2025-02-19,South,Home,4,333.13,0.15,1132.64,656.61,476.03
O00084,2025-02-20,East,Accessories,4,211.77,0.019,830.99,628.67,202.32
O00085,2025-02-21,West,Accessories,2,277.92,0.24,422.44,291.27,131.17
O00086,2025-02-21,North,Accessories,2,65.74,0.074,121.75,85.6,36.15
O00087,2025-02-22,East,Electronics,2,104.47,0.068,194.73,108.64,86.09
O00088,2025-02-22,West,Electronics,3,337.65,0.054,958.25,687.93,270.32
O00089,2025-02-23,West,Office,2,42.06,0.058,79.24,46.6,32.64
O00090,2025-02-24,North,Electronics,4,314.52,0.225,975.01,713.55,261.46
O00091,2025-02-24,East,Accessories,4,36.29,0.065,135.72,82.67,53.05
O00092,2025-02-25,South,Electronics,3,214.13,0.107,573.65,322.33,251.32
O00093,2025-02-25,South,Accessories,8,19.62,0.127,137.03,81.56,55.47
O00094,2025-02-26,North,Home,4,317.28,0.194,1022.91,694.86,328.05
O00095,2025-02-27,East,Home,5,194.13,0.242,735.75,472.97,262.78
O00096,2025-02-27,North,Electronics,7,195.01,0.226,1056.56,753.32,303.24
O00097,2025-02-28,South,Accessories,2,145.15,0.13,252.56,162.96,89.6
O00098,2025-02-28,South,Electronics,7,248.59,0.175,1435.61,1091.7,343.91
O00099,2025-03-01,East,Office,8,238.49,0.062,1789.63,1349.56,440.07
O00100,2025-03-02,South,Home,5,216.56,0.137,934.46,648.64,285.82
O00101,2025-03-02,West,Office,6,169.61,0.047,969.83,722.23,247.6
O00102,2025-03-03,North,Home,5,78.48,0.029,381.02,262.89,118.13
O00103,2025-03-03,South,Electronics,3,209.14,0.019,615.5,345.14,270.36
O00104,2025-03-04,South,Home,5,329.58,0.2,1318.32,756.7,561.62
O00105,2025-03-05,South,Home,4,115.19,0.077,425.28,260.79,164.49
O00106,2025-03-05,North,Accessories,5,169.26,0.233,649.11,516.57,132.54
O00107,2025-03-06,South,Home,2,34.28,0.177,56.42,40.1,16.32
O00108,2025-03-07,South,Home,1,43.58,0.151,37.0,24.51,12.49
O00109,2025-03-07,East,Home,4,81.81,0.086,299.1,239.78,59.32
O00110,2025-03-08,East,Electronics,1,226.1,0.097,204.17,116.11,88.06
O00111,2025-03-08,South,Home,7,106.27,0.204,592.14,401.25,190.89
O00112,2025-03-09,South,Accessories,4,333.19,0.137,1150.17,699.26,450.91
O00113,2025-03-10,East,Office,8,154.43,0.17,1025.42,569.85,455.57
O00114,2025-03-10,West,Home,1,224.11,0.132,194.53,109.21,85.32
O00115,2025-03-11,North,Home,1,204.44,0.231,157.21,113.22,43.99
O00116,2025-03-11,East,Electronics,2,181.5,0.116,320.89,225.57,95.32
O00117,2025-03-12,North,Electronics,3,148.89,0.194,360.02,283.94,76.08
O00118,2025-03-13,South,Accessories,6,164.46,0.166,822.96,555.45,267.51
O00119,2025-03-13,South,Accessories,3,348.67,0.189,848.31,661.08,187.23
O00120,2025-03-14,West,Office,8,45.85,0.097,331.22,253.43,77.79
O00121,2025-03-14,South,Electronics,8,338.66,0.085,2478.99,1673.61,805.38
O00122,2025-03-15,South,Home,1,99.9,0.102,89.71,62.69,27.02
O00123,2025-03-16,East,Electronics,6,282.35,0.012,1673.77,1075.79,597.98
O00124,2025-03-16,West,Home,5,92.36,0.017,453.95,344.11,109.84
O00125,2025-03-17,South,Electronics,7,146.13,0.218,799.92,567.63,232.29
O00126,2025-03-17,East,Electronics,4,253.7,0.179,833.15,608.5,224.65
O00127,2025-03-18,West,Home,1,324.71,0.218,253.92,184.42,69.5
O00128,2025-03-19,South,Home,1,161.16,0.118,142.14,90.16,51.98
O00129,2025-03-19,West,Accessories,2,219.23,0.085,401.19,310.81,90.38
O00130,2025-03-20,South,Office,7,131.4,0.048,875.65,651.33,224.32
O00131,2025-03-20,South,Home,1,85.17,0.002,85.0,50.87,34.13
O00132,2025-03-21,North,Electronics,6,330.02,0.003,1974.18,1421.47,552.71
O00133,2025-03-22,East,Office,1,329.58,0.206,261.69,194.82,66.87
O00134,2025-03-22,South,Home,8,341.97,0.009,2711.14,1687.83,1023.31
O00135,2025-03-23,South,Home,1,342.7,0.031,332.08,190.14,141.94
O00136,2025-03-24,East,Office,6,317.48,0.242,1443.9,795.77,648.13
O00137,2025-03-24,East,Home,1,202.84,0.024,197.97,148.33,49.64
O00138,2025-03-25,West,Office,6,118.58,0.028,691.56,532.97,158.59
O00139,2025-03-25,South,Accessories,1,146.18,0.217,114.46,85.34,29.12
O00140,2025-03-26,South,Office,3,113.03,0.214,266.52,154.73,111.79
O00141,2025-03-27,West,Accessories,7,121.41,0.159,714.74,516.41,198.33
O00142,2025-03-27,South,Home,5,271.73,0.13,1182.03,821.86,360.17
O00143,2025-03-28,South,Home,3,329.83,0.006,983.55,763.55,220.0
O00144,2025-03-28,East,Home,5,205.94,0.011,1018.37,653.5,364.87
O00145,2025-03-29,East,Electronics,5,253.94,0.029,1232.88,680.44,552.44
O00146,2025-03-30,South,Electronics,1,106.82,0.21,84.39,52.77,31.62
O00147,2025-03-30,East,Electronics,4,314.83,0.139,1084.27,849.05,235.22
O00148,2025-03-31,East,Office,2,192.75,0.189,312.64,235.11,77.53
O00149,2025-03-31,West,Office,4,236.85,0.156,799.61,550.63,248.98
O00150,2025-04-01,North,Home,2,304.45,0.057,574.19,449.77,124.42
O00151,2025-04-02,West,Office,3,120.94,0.151,308.03,185.7,122.33
O00152,2025-04-02,South,Home,5,78.02,0.02,382.3,260.13,122.17
O00153,2025-04-03,South,Electronics,4,201.64,0.069,750.91,420.9,330.01
O00154,2025-04-03,East,Accessories,5,288.88,0.184,1178.63,819.75,358.88
O00155,2025-04-04,North,Home,1,302.53,0.079,278.63,221.66,56.97
O00156,2025-04-05,East,Electronics,3,31.8,0.097,86.15,52.42,33.73
O00157,2025-04-05,North,Electronics,3,280.52,0.079,775.08,520.51,254.57
O00158,2025-04-06,South,Accessories,7,107.21,0.176,618.39,395.39,223.0
O00159,2025-04-07,North,Office,3,50.55,0.249,113.89,88.41,25.48
O00160,2025-04-07,South,Office,6,114.44,0.203,547.25,403.87,143.38
O00161,2025-04-08,South,Home,7,55.78,0.008,387.34,263.47,123.87
O00162,2025-04-08,North,Office,2,140.09,0.086,256.08,150.46,105.62
O00163,2025-04-09,West,Home,1,177.43,0.171,147.09,102.65,44.44
O00164,2025-04-10,West,Home,7,324.16,0.119,1999.09,1298.58,700.51
O00165,2025-04-10,West,Electronics,3,308.09,0.027,899.31,573.08,326.23
O00166,2025-04-11,North,Office,3,267.0,0.232,615.17,380.37,234.8
O00167,2025-04-11,North,Office,8,47.8,0.029,371.31,227.26,144.05
O00168,2025-04-12,South,Accessories,4,165.84,0.153,561.87,403.11,158.76
O00169,2025-04-13,West,Office,5,125.79,0.236,480.52,331.46,149.06
O00170,2025-04-13,South,Electronics,2,342.6,0.054,648.2,408.93,239.27
O00171,2025-04-14,South,Home,3,321.45,0.035,930.6,732.08,198.52
O00172,2025-04-14,West,Electronics,4,321.15,0.058,1210.09,738.33,471.76
O00173,2025-04-15,North,Home,1,295.86,0.198,237.28,163.64,73.64
O00174,2025-04-16,West,Home,2,266.01,0.196,427.74,332.57,95.17
O00175,2025-04-16,North,Accessories,8,253.1,0.241,1536.82,1084.81,452.01
O00176,2025-04-17,South,Electronics,6,191.52,0.245,867.59,706.41,161.18
O00177,2025-04-17,South,Office,5,210.06,0.064,983.08,803.61,179.47
O00178,2025-04-18,West,Accessories,5,175.89,0.063,824.04,469.66,354.38
O00179,2025-04-19,West,Home,3,184.49,0.215,434.47,265.36,169.11
O00180,2025-04-19,South,Accessories,8,68.95,0.062,517.4,331.17,186.23
O00181,2025-04-20,South,Home,4,96.48,0.206,306.42,199.99,106.43
O00182,2025-04-20,West,Electronics,2,93.45,0.143,160.17,131.28,28.89
O00183,2025-04-21,South,Office,1,129.21,0.13,112.41,69.87,42.54
O00184,2025-04-22,West,Home,5,171.34,0.214,673.37,416.6,256.77
O00185,2025-04-22,West,Electronics,1,163.51,0.142,140.29,108.31,31.98
O00186,2025-04-23,East,Home,4,322.02,0.193,1039.48,769.96,269.52
O00187,2025-04-24,East,Home,7,69.96,0.211,386.39,265.07,121.32
O00188,2025-04-24,North,Accessories,4,159.98,0.063,599.61,477.76,121.85
O00189,2025-04-25,East,Accessories,5,98.88,0.232,379.7,215.38,164.32
O00190,2025-04-25,North,Home,7,339.73,0.101,2137.92,1609.44,528.48
O00191,2025-04-26,North,Office,4,184.47,0.101,663.35,456.92,206.43
O00192,2025-04-27,South,Home,4,215.19,0.224,667.95,379.51,288.44
O00193,2025-04-27,South,Accessories,1,336.94,0.101,302.91,231.83,71.08
O00194,2025-04-28,North,Office,6,245.55,0.062,1381.96,1101.29,280.67
O00195,2025-04-28,East,Electronics,1,186.57,0.166,155.6,88.28,67.32
O00196,2025-04-29,West,Accessories,3,137.27,0.199,329.86,240.87,88.99
O00197,2025-04-30,North,Office,3,274.44,0.03,798.62,463.7,334.92
O00198,2025-04-30,North,Accessories,2,152.01,0.006,302.2,176.58,125.62
O00199,2025-05-01,West,Office,7,268.58,0.086,1718.37,1193.11,525.26
O00200,2025-05-01,North,Office,7,82.18,0.154,486.67,269.64,217.03
O00201,2025-05-02,East,Home,2,22.94,0.062,43.04,24.67,18.37
O00202,2025-05-03,East,Home,5,120.48,0.029,584.93,432.3,152.63
O00203,2025-05-03,South,Home,2,255.79,0.015,503.91,327.5,176.41
O00204,2025-05-04,South,Electronics,2,347.79,0.234,532.81,429.32,103.49
O00205,2025-05-04,North,Office,2,83.52,0.045,159.52,116.62,42.9
O00206,2025-05-05,West,Home,4,287.49,0.039,1105.11,774.96,330.15
O00207,2025-05-06,North,Accessories,8,216.8,0.082,1592.18,967.84,624.34
O00208,2025-05-06,North,Office,6,173.26,0.156,877.39,514.16,363.23
O00209,2025-05-07,West,Home,1,321.7,0.24,244.49,175.93,68.56
O00210,2025-05-08,South,Accessories,2,199.07,0.245,300.6,207.19,93.41
O00211,2025-05-08,South,Home,3,200.46,0.185,490.12,391.53,98.59
O00212,2025-05-09,East,Accessories,2,27.71,0.16,46.55,29.25,17.3
O00213,2025-05-09,East,Accessories,2,223.89,0.105,400.76,288.15,112.61
O00214,2025-05-10,West,Accessories,8,275.06,0.16,1848.4,1255.03,593.37
O00215,2025-05-11,West,Accessories,6,210.45,0.039,1213.45,725.11,488.34
O00216,2025-05-11,South,Accessories,2,285.17,0.035,550.38,449.48,100.9
O00217,2025-05-12,West,Accessories,5,212.21,0.11,944.33,613.74,330.59
O00218,2025-05-12,East,Accessories,3,249.91,0.052,710.74,437.51,273.23
O00219,2025-05-13,North,Electronics,3,109.42,0.035,316.77,197.68,119.09
O00220,2025-05-14,North,Office,4,65.93,0.155,222.84,159.85,62.99
O00221,2025-05-14,West,Office,8,204.33,0.073,1515.31,1015.54,499.77
O00222,2025-05-15,East,Accessories,7,260.49,0.119,1606.44,1231.63,374.81
O00223,2025-05-15,South,Accessories,5,198.63,0.124,870.0,546.11,323.89
O00224,2025-05-16,South,Office,3,74.5,0.045,213.44,144.25,69.19
O00225,2025-05-17,East,Office,8,285.28,0.0,2282.24,1705.96,576.28
O00226,2025-05-17,North,Electronics,2,73.97,0.055,139.8,79.63,60.17
O00227,2025-05-18,South,Home,1,154.05,0.116,136.18,98.23,37.95
O00228,2025-05-18,North,Office,2,303.46,0.097,548.05,326.81,221.24
O00229,2025-05-19,East,Home,5,83.26,0.165,347.61,270.31,77.3
O00230,2025-05-20,South,Accessories,7,116.63,0.178,671.09,433.91,237.18
O00231,2025-05-20,East,Office,2,335.35,0.228,517.78,363.23,154.55
O00232,2025-05-21,South,Electronics,5,181.47,0.065,848.37,563.07,285.3
O00233,2025-05-21,East,Electronics,3,103.15,0.212,243.85,198.19,45.66
O00234,2025-05-22,East,Office,1,16.84,0.11,14.99,10.42,4.57
O00235,2025-05-23,South,Accessories,6,184.91,0.045,1059.53,598.89,460.64
O00236,2025-05-23,East,Home,4,305.72,0.141,1050.45,744.58,305.87
O00237,2025-05-24,North,Home,3,100.65,0.15,256.66,178.88,77.78
O00238,2025-05-25,East,Home,8,218.0,0.027,1696.91,1190.76,506.15
O00239,2025-05-25,East,Electronics,8,30.93,0.084,226.66,153.41,73.25
O00240,2025-05-26,South,Accessories,8,16.05,0.103,115.17,87.24,27.93
O00241,2025-05-26,South,Office,2,200.87,0.075,371.61,213.22,158.39
O00242,2025-05-27,West,Home,5,52.05,0.174,214.97,146.59,68.38
O00243,2025-05-28,North,Accessories,4,342.4,0.034,1323.03,968.83,354.2
O00244,2025-05-28,East,Office,2,230.98,0.117,407.91,302.87,105.04
O00245,2025-05-29,East,Electronics,5,179.93,0.002,897.85,530.53,367.32
O00246,2025-05-29,East,Home,5,161.87,0.073,750.27,543.26,207.01
O00247,2025-05-30,South,Office,7,48.37,0.243,256.31,163.6,92.71
O00248,2025-05-31,East,Accessories,5,256.39,0.023,1252.47,958.85,293.62
O00249,2025-05-31,North,Office,5,338.78,0.192,1368.67,824.67,544.0
O00250,2025-06-01,North,Home,8,201.67,0.118,1422.98,1161.2,261.78
O00251,2025-06-01,East,Home,2,204.86,0.06,385.14,289.2,95.94
O00252,2025-06-02,North,Electronics,1,82.02,0.16,68.9,42.63,26.27
O00253,2025-06-03,North,Electronics,2,82.54,0.193,133.22,96.27,36.95
O00254,2025-06-03,South,Home,3,21.62,0.035,62.59,37.74,24.85
O00255,2025-06-04,East,Accessories,3,252.44,0.213,596.01,402.05,193.96
O00256,2025-06-04,East,Home,4,277.41,0.062,1040.84,669.02,371.82
O00257,2025-06-05,West,Electronics,6,217.8,0.194,1053.28,760.42,292.86
O00258,2025-06-06,South,Accessories,6,44.61,0.011,264.72,205.12,59.6
O00259,2025-06-06,South,Accessories,6,45.97,0.068,257.06,155.81,101.25
O00260,2025-06-07,North,Home,6,128.11,0.139,661.82,441.24,220.58
O00261,2025-06-07,South,Home,5,240.11,0.216,941.23,614.85,326.38
O00262,2025-06-08,East,Home,6,286.72,0.194,1386.58,1092.68,293.9
O00263,2025-06-09,East,Electronics,7,232.12,0.104,1455.86,997.31,458.55
O00264,2025-06-09,East,Home,5,43.7,0.181,178.95,111.72,67.23
O00265,2025-06-10,South,Home,7,154.33,0.135,934.47,765.67,168.8
O00266,2025-06-11,North,Office,5,52.93,0.027,257.5,169.66,87.84
O00267,2025-06-11,South,Electronics,3,143.91,0.021,422.66,256.88,165.78
O00268,2025-06-12,North,Home,3,315.97,0.077,874.92,677.96,196.96
O00269,2025-06-12,North,Electronics,7,292.49,0.096,1850.88,1227.4,623.48
O00270,2025-06-13,West,Office,7,226.71,0.215,1245.77,868.65,377.12
O00271,2025-06-14,South,Home,2,85.62,0.17,142.13,84.28,57.85
O00272,2025-06-14,East,Office,4,49.18,0.181,161.11,104.74,56.37
O00273,2025-06-15,South,Office,6,299.39,0.246,1354.44,966.14,388.3
O00274,2025-06-15,North,Electronics,3,183.34,0.01,544.52,325.73,218.79
O00275,2025-06-16,North,Electronics,5,42.59,0.013,210.18,150.77,59.41
O00276,2025-06-17,West,Electronics,7,309.19,0.009,2144.85,1673.68,471.17
O00277,2025-06-17,South,Accessories,2,197.1,0.184,321.67,209.92,111.75
O00278,2025-06-18,North,Office,6,328.63,0.24,1498.55,909.58,588.97
O00279,2025-06-18,South,Electronics,4,27.49,0.003,109.63,61.7,47.93
O00280,2025-06-19,South,Accessories,3,93.36,0.098,252.63,149.49,103.14
O00281,2025-06-20,East,Office,1,126.33,0.23,97.27,74.39,22.88
O00282,2025-06-20,West,Accessories,1,54.08,0.059,50.89,31.8,19.09
O00283,2025-06-21,West,Electronics,2,75.21,0.12,132.37,76.04,56.33
O00284,2025-06-21,North,Office,1,199.37,0.114,176.64,133.91,42.73
O00285,2025-06-22,North,Office,5,120.5,0.169,500.68,380.22,120.46
O00286,2025-06-23,West,Accessories,7,171.21,0.194,965.97,634.92,331.05
O00287,2025-06-23,North,Home,1,54.88,0.206,43.57,27.74,15.83
O00288,2025-06-24,North,Accessories,2,339.06,0.178,557.41,310.43,246.98
O00289,2025-06-25,West,Electronics,7,188.27,0.037,1269.13,861.39,407.74
O00290,2025-06-25,North,Office,5,125.35,0.003,624.87,351.73,273.14
O00291,2025-06-26,West,Office,7,184.82,0.248,972.89,795.36,177.53
O00292,2025-06-26,West,Office,5,241.95,0.206,960.54,601.65,358.89
O00293,2025-06-27,North,Accessories,8,162.18,0.187,1054.82,827.99,226.83
O00294,2025-06-28,West,Accessories,2,194.77,0.204,310.07,236.22,73.85
O00295,2025-06-28,East,Electronics,7,185.22,0.115,1147.44,738.77,408.67
O00296,2025-06-29,South,Accessories,4,236.41,0.074,875.66,682.66,193.0
O00297,2025-06-29,South,Home,1,109.34,0.214,85.94,59.53,26.41
O00298,2025-06-30,North,Home,4,272.08,0.135,941.4,745.04,196.36
O00299,2025-07-01,West,Electronics,4,161.59,0.24,491.23,375.59,115.64
O00300,2025-07-01,South,Accessories,5,300.84,0.051,1427.49,869.4,558.09
O00301,2025-07-02,South,Office,2,135.76,0.1,244.37,195.2,49.17
O00302,2025-07-02,North,Office,7,81.72,0.224,443.9,285.33,158.57
O00303,2025-07-03,South,Electronics,3,106.68,0.054,302.76,224.49,78.27
O00304,2025-07-04,South,Electronics,8,43.01,0.179,282.49,176.42,106.07
O00305,2025-07-04,North,Home,8,233.31,0.211,1472.65,950.16,522.49
O00306,2025-07-05,East,Electronics,1,95.42,0.127,83.3,46.22,37.08
O00307,2025-07-05,North,Accessories,6,148.85,0.069,831.48,577.01,254.47
O00308,2025-07-06,South,Accessories,4,113.59,0.193,366.67,227.64,139.03
O00309,2025-07-07,South,Electronics,5,101.81,0.225,394.51,226.92,167.59
O00310,2025-07-07,East,Home,3,323.56,0.006,964.86,537.86,427.0
O00311,2025-07-08,North,Electronics,4,342.45,0.175,1130.08,706.41,423.67
O00312,2025-07-08,West,Accessories,7,269.42,0.121,1657.74,1215.74,442.0
O00313,2025-07-09,East,Electronics,5,322.27,0.145,1377.7,1063.7,314.0
O00314,2025-07-10,South,Office,3,90.29,0.215,212.63,150.22,62.41
O00315,2025-07-10,East,Office,6,18.0,0.016,106.27,64.61,41.66
O00316,2025-07-11,North,Accessories,4,126.44,0.034,488.56,268.94,219.62
O00317,2025-07-12,South,Home,6,77.03,0.131,401.63,282.74,118.89
O00318,2025-07-12,West,Accessories,6,67.45,0.118,356.95,236.41,120.54
O00319,2025-07-13,East,Home,7,345.53,0.078,2230.05,1497.38,732.67
O00320,2025-07-13,West,Electronics,6,76.32,0.085,419.0,326.01,92.99
O00321,2025-07-14,East,Accessories,6,135.77,0.096,736.42,415.34,321.08
O00322,2025-07-15,North,Accessories,6,26.64,0.072,148.33,87.9,60.43
O00323,2025-07-15,West,Accessories,7,249.59,0.063,1637.06,1174.15,462.91
O00324,2025-07-16,West,Office,4,178.41,0.145,610.16,335.9,274.26
O00325,2025-07-16,North,Electronics,3,57.26,0.133,148.93,101.35,47.58
O00326,2025-07-17,South,Electronics,5,105.06,0.234,402.38,234.41,167.97
O00327,2025-07-18,West,Office,4,33.38,0.001,133.39,99.59,33.8
O00328,2025-07-18,North,Office,3,342.2,0.072,952.68,559.11,393.57
O00329,2025-07-19,West,Electronics,2,117.59,0.071,218.48,168.04,50.44
O00330,2025-07-19,North,Electronics,7,36.08,0.167,210.38,148.31,62.07
O00331,2025-07-20,North,Office,5,306.92,0.129,1336.64,1058.67,277.97
O00332,2025-07-21,West,Home,7,198.15,0.208,1098.54,644.48,454.06
O00333,2025-07-21,North,Accessories,5,206.05,0.102,925.16,572.33,352.83
O00334,2025-07-22,North,Office,3,143.47,0.168,358.1,250.75,107.35
O00335,2025-07-22,East,Home,7,236.16,0.177,1360.52,826.02,534.5
O00336,2025-07-23,West,Home,4,116.68,0.244,352.84,239.23,113.61
O00337,2025-07-24,West,Electronics,1,213.39,0.033,206.35,127.41,78.94
O00338,2025-07-24,North,Office,1,98.19,0.186,79.93,52.95,26.98
O00339,2025-07-25,West,Accessories,5,157.4,0.016,774.41,566.22,208.19
O00340,2025-07-26,South,Accessories,1,95.04,0.155,80.31,55.02,25.29
O00341,2025-07-26,West,Electronics,7,323.69,0.027,2204.65,1752.7,451.95
O00342,2025-07-27,North,Office,2,178.14,0.015,350.94,256.05,94.89
O00343,2025-07-27,East,Home,4,215.53,0.154,729.35,463.22,266.13
O00344,2025-07-28,East,Electronics,6,216.99,0.211,1027.23,773.52,253.71
O00345,2025-07-29,South,Electronics,1,310.31,0.034,299.76,188.07,111.69
O00346,2025-07-29,South,Home,7,183.17,0.187,1042.42,848.2,194.22
O00347,2025-07-30,North,Electronics,1,335.12,0.077,309.32,177.24,132.08
O00348,2025-07-30,South,Home,2,284.02,0.039,545.89,364.46,181.43
O00349,2025-07-31,East,Home,1,312.98,0.229,241.31,150.96,90.35
O00350,2025-08-01,West,Home,8,211.4,0.115,1496.71,1083.24,413.47
O00351,2025-08-01,East,Accessories,4,115.03,0.172,380.98,295.62,85.36
O00352,2025-08-02,South,Accessories,3,72.18,0.153,183.41,148.62,34.79
O00353,2025-08-02,East,Home,2,241.62,0.143,414.14,275.56,138.58
O00354,2025-08-03,East,Home,8,30.7,0.046,234.3,168.11,66.19
O00355,2025-08-04,West,Accessories,5,209.89,0.105,939.26,752.34,186.92
O00356,2025-08-04,West,Office,8,159.18,0.2,1018.75,708.51,310.24
O00357,2025-08-05,North,Electronics,8,80.32,0.065,600.79,350.79,250.0
O00358,2025-08-05,East,Home,7,307.95,0.021,2110.38,1610.45,499.93
O00359,2025-08-06,East,Office,7,107.47,0.171,623.65,509.89,113.76
O00360,2025-08-07,West,Accessories,4,52.48,0.188,170.46,93.79,76.67
O00361,2025-08-07,West,Office,3,106.67,0.207,253.77,179.0,74.77
O00362,2025-08-08,East,Electronics,1,166.33,0.154,140.72,107.96,32.76
O00363,2025-08-08,North,Accessories,7,204.26,0.074,1324.01,970.02,353.99
O00364,2025-08-09,North,Office,5,333.21,0.043,1594.41,1240.0,354.41
O00365,2025-08-10,West,Office,7,134.75,0.076,871.56,640.02,231.54
O00366,2025-08-10,East,Office,4,290.11,0.001,1159.28,730.39,428.89
O00367,2025-08-11,East,Accessories,1,277.26,0.064,259.52,176.39,83.13
O00368,2025-08-12,North,Home,1,120.55,0.12,106.08,84.0,22.08
O00369,2025-08-12,West,Accessories,7,235.23,0.209,1302.47,774.27,528.2
O00370,2025-08-13,North,Office,7,241.13,0.065,1578.2,905.67,672.53
O00371,2025-08-13,West,Accessories,3,81.26,0.028,236.95,146.52,90.43
O00372,2025-08-14,West,Home,2,327.68,0.078,604.24,450.13,154.11
O00373,2025-08-15,East,Accessories,1,36.33,0.202,28.99,16.38,12.61
O00374,2025-08-15,South,Accessories,6,35.71,0.238,163.27,124.2,39.07
O00375,2025-08-16,West,Office,7,200.45,0.019,1376.49,1116.4,260.09
O00376,2025-08-16,South,Office,3,119.94,0.196,289.3,177.69,111.61
O00377,2025-08-17,West,Accessories,2,200.2,0.115,354.35,274.39,79.96
O00378,2025-08-18,West,Office,4,114.35,0.115,404.8,284.25,120.55
O00379,2025-08-18,West,Accessories,7,312.03,0.128,1904.63,1180.47,724.16
O00380,2025-08-19,South,Accessories,4,167.26,0.19,541.92,404.22,137.7
O00381,2025-08-19,West,Electronics,5,52.8,0.229,203.54,128.19,75.35
O00382,2025-08-20,South,Home,5,106.48,0.032,515.36,403.62,111.74
O00383,2025-08-21,West,Accessories,5,68.79,0.065,321.59,216.04,105.55
O00384,2025-08-21,West,Accessories,5,346.26,0.174,1430.05,1042.05,388.0
O00385,2025-08-22,South,Accessories,1,271.21,0.001,270.94,206.82,64.12
O00386,2025-08-22,West,Electronics,3,94.98,0.173,235.65,142.66,92.99
O00387,2025-08-23,West,Accessories,5,84.18,0.115,372.5,209.32,163.18
O00388,2025-08-24,West,Accessories,1,252.77,0.113,224.21,160.34,63.87
O00389,2025-08-24,North,Electronics,7,277.51,0.185,1583.19,1046.9,536.29
O00390,2025-08-25,South,Office,2,181.94,0.091,330.77,191.25,139.52
O00391,2025-08-25,South,Home,1,324.08,0.034,313.06,191.11,121.95
O00392,2025-08-26,North,Office,5,160.08,0.163,669.93,482.52,187.41
O00393,2025-08-27,North,Accessories,6,214.88,0.196,1036.58,713.25,323.33
O00394,2025-08-27,North,Home,5,35.84,0.238,136.55,80.65,55.9
O00395,2025-08-28,East,Home,5,195.92,0.072,909.07,621.49,287.58
O00396,2025-08-29,North,Electronics,6,91.69,0.172,455.52,346.67,108.85
O00397,2025-08-29,North,Electronics,3,55.8,0.192,135.26,104.28,30.98
O00398,2025-08-30,North,Accessories,1,136.3,0.115,120.63,98.64,21.99
O00399,2025-08-30,East,Electronics,6,214.77,0.235,985.79,617.07,368.72
O00400,2025-08-31,South,Electronics,2,298.34,0.191,482.71,305.82,176.89
O00401,2025-09-01,South,Office,1,126.6,0.034,122.3,87.33,34.97
O00402,2025-09-01,West,Accessories,2,187.74,0.139,323.29,190.09,133.2
O00403,2025-09-02,South,Accessories,8,238.73,0.116,1688.3,1147.5,540.8
O00404,2025-09-02,North,Electronics,7,18.61,0.061,122.32,76.46,45.86
O00405,2025-09-03,North,Electronics,1,204.27,0.034,197.32,137.72,59.6
O00406,2025-09-04,South,Accessories,7,217.1,0.135,1314.54,1010.66,303.88
O00407,2025-09-04,West,Office,5,55.55,0.229,214.15,156.97,57.18
O00408,2025-09-05,South,Accessories,7,164.34,0.191,930.66,708.2,222.46
O00409,2025-09-05,South,Electronics,6,162.63,0.038,938.7,639.23,299.47
O00410,2025-09-06,South,Electronics,8,264.8,0.212,1669.3,1260.73,408.57
O00411,2025-09-07,North,Accessories,5,120.56,0.055,569.65,430.67,138.98
O00412,2025-09-07,North,Accessories,8,136.78,0.204,871.02,598.13,272.89
O00413,2025-09-08,North,Office,7,35.24,0.231,189.7,122.05,67.65
O00414,2025-09-08,South,Home,6,97.72,0.114,519.48,340.3,179.18
O00415,2025-09-09,West,Accessories,4,234.16,0.176,771.79,522.68,249.11
O00416,2025-09-10,West,Electronics,5,120.64,0.12,530.82,391.79,139.03
O00417,2025-09-10,West,Office,8,213.98,0.106,1530.38,1090.46,439.92
O00418,2025-09-11,West,Home,7,136.14,0.119,839.58,633.23,206.35
O00419,2025-09-12,South,Accessories,4,212.49,0.084,778.56,635.23,143.33
O00420,2025-09-12,South,Accessories,5,233.23,0.092,1058.86,749.67,309.19
O00421,2025-09-13,North,Home,5,150.72,0.047,718.18,583.38,134.8
O00422,2025-09-13,South,Electronics,7,311.63,0.162,1828.02,1429.33,398.69
O00423,2025-09-14,East,Accessories,2,16.99,0.244,25.69,19.42,6.27
O00424,2025-09-15,South,Office,2,58.53,0.041,112.26,86.47,25.79
O00425,2025-09-15,East,Home,6,200.82,0.098,1086.84,620.27,466.57
O00426,2025-09-16,South,Electronics,5,68.12,0.071,316.42,193.16,123.26
O00427,2025-09-16,South,Home,5,114.74,0.193,462.98,349.96,113.02
O00428,2025-09-17,East,Office,4,95.13,0.09,346.27,246.49,99.78
O00429,2025-09-18,East,Home,6,287.41,0.001,1722.74,1041.17,681.57
O00430,2025-09-18,East,Electronics,4,100.9,0.078,372.12,280.21,91.91
O00431,2025-09-19,East,Home,6,167.59,0.119,885.88,591.15,294.73
O00432,2025-09-19,South,Accessories,5,305.37,0.04,1465.78,925.91,539.87
O00433,2025-09-20,North,Home,1,173.84,0.043,166.36,134.71,31.65
O00434,2025-09-21,North,Accessories,5,309.74,0.036,1492.95,1092.2,400.75
O00435,2025-09-21,South,Home,1,220.49,0.214,173.31,103.56,69.75
O00436,2025-09-22,East,Accessories,5,284.88,0.046,1358.88,827.33,531.55
O00437,2025-09-22,West,Accessories,1,145.64,0.127,127.14,96.04,31.1
O00438,2025-09-23,South,Accessories,8,198.96,0.089,1450.02,806.14,643.88
O00439,2025-09-24,North,Electronics,2,21.32,0.247,32.11,24.8,7.31
O00440,2025-09-24,West,Home,2,242.35,0.179,397.94,220.51,177.43
O00441,2025-09-25,West,Accessories,1,22.08,0.12,19.43,12.96,6.47
O00442,2025-09-25,South,Home,2,265.33,0.227,410.2,320.62,89.58
O00443,2025-09-26,East,Office,1,347.7,0.061,326.49,217.56,108.93
O00444,2025-09-27,North,Home,6,335.57,0.01,1993.29,1330.74,662.55
O00445,2025-09-27,South,Office,2,225.68,0.068,420.67,282.39,138.28
O00446,2025-09-28,East,Home,2,277.92,0.136,480.25,300.9,179.35
O00447,2025-09-29,East,Accessories,8,92.52,0.242,561.04,420.14,140.9
O00448,2025-09-29,West,Electronics,3,169.74,0.096,460.33,285.26,175.07
O00449,2025-09-30,East,Electronics,5,262.95,0.156,1109.65,840.7,268.95
O00450,2025-09-30,South,Accessories,2,58.82,0.136,101.64,81.16,20.48
O00451,2025-10-01,East,Office,4,112.09,0.172,371.24,210.61,160.63
O00452,2025-10-02,West,Home,4,72.81,0.113,258.33,142.96,115.37
O00453,2025-10-02,North,Electronics,7,101.6,0.069,662.13,498.16,163.97
O00454,2025-10-03,North,Home,4,52.43,0.133,181.83,137.42,44.41
O00455,2025-10-03,West,Accessories,4,83.84,0.102,301.15,184.67,116.48
O00456,2025-10-04,North,Accessories,8,223.11,0.01,1767.03,1129.22,637.81
O00457,2025-10-05,East,Electronics,3,335.71,0.238,767.43,466.39,301.04
O00458,2025-10-05,South,Home,6,197.85,0.245,896.26,531.84,364.42
O00459,2025-10-06,West,Electronics,8,324.99,0.04,2495.92,1581.48,914.44
O00460,2025-10-06,South,Home,5,137.5,0.229,530.06,302.23,227.83
O00461,2025-10-07,North,Electronics,6,253.41,0.203,1211.81,805.41,406.4
O00462,2025-10-08,West,Office,5,128.9,0.196,518.18,392.2,125.98
O00463,2025-10-08,North,Home,6,186.43,0.173,925.07,683.1,241.97
O00464,2025-10-09,West,Office,3,64.89,0.162,163.13,104.31,58.82
O00465,2025-10-09,North,Electronics,5,272.11,0.147,1160.55,746.24,414.31
O00466,2025-10-10,East,Home,8,102.83,0.052,779.86,620.51,159.35
O00467,2025-10-11,West,Accessories,2,172.51,0.247,259.8,189.77,70.03
O00468,2025-10-11,East,Electronics,1,340.93,0.22,265.93,168.9,97.03
O00469,2025-10-12,North,Home,4,172.31,0.006,685.1,437.6,247.5
O00470,2025-10-13,East,Office,6,319.76,0.245,1448.51,833.86,614.65
O00471,2025-10-13,North,Accessories,7,297.99,0.14,1793.9,1177.38,616.52
O00472,2025-10-14,West,Electronics,1,183.25,0.192,148.07,86.45,61.62
O00473,2025-10-14,North,Home,6,60.02,0.21,284.49,166.54,117.95
O00474,2025-10-15,North,Office,4,77.02,0.069,286.82,165.46,121.36
O00475,2025-10-16,East,Accessories,5,156.48,0.028,760.49,450.83,309.66
O00476,2025-10-16,East,Office,2,161.23,0.13,280.54,179.7,100.84
O00477,2025-10-17,East,Office,2,272.47,0.138,469.74,275.38,194.36
O00478,2025-10-17,West,Office,5,264.45,0.067,1233.66,819.6,414.06
O00479,2025-10-18,North,Electronics,5,42.04,0.114,186.24,128.55,57.69
O00480,2025-10-19,West,Home,2,138.1,0.029,268.19,190.3,77.89
O00481,2025-10-19,South,Office,2,28.15,0.199,45.1,25.42,19.68
O00482,2025-10-20,West,Home,5,91.24,0.237,348.08,198.72,149.36
O00483,2025-10-20,North,Electronics,5,335.25,0.001,1674.57,1114.47,560.1
O00484,2025-10-21,West,Home,1,104.56,0.081,96.09,55.38,40.71
O00485,2025-10-22,South,Electronics,6,51.63,0.098,279.42,158.86,120.56
O00486,2025-10-22,North,Accessories,2,244.45,0.043,467.88,383.35,84.53
O00487,2025-10-23,East,Office,7,47.06,0.245,248.71,157.35,91.36
O00488,2025-10-23,North,Office,6,321.71,0.057,1820.24,1078.35,741.89
O00489,2025-10-24,East,Office,7,224.94,0.189,1276.98,959.84,317.14
O00490,2025-10-25,North,Office,5,246.76,0.092,1120.29,754.01,366.28
O00491,2025-10-25,North,Office,6,200.24,0.173,993.59,803.68,189.91
O00492,2025-10-26,East,Accessories,4,135.93,0.022,531.76,314.29,217.47
O00493,2025-10-26,East,Home,3,25.18,0.073,70.03,41.98,28.05
O00494,2025-10-27,South,Accessories,6,110.97,0.166,555.29,440.79,114.5
O00495,2025-10-28,South,Electronics,6,35.07,0.047,200.53,163.41,37.12
O00496,2025-10-28,North,Home,5,273.36,0.1,1230.12,994.13,235.99
O00497,2025-10-29,South,Accessories,3,159.08,0.246,359.84,291.7,68.14
O00498,2025-10-30,South,Accessories,3,241.12,0.15,614.86,338.92,275.94
O00499,2025-10-30,West,Office,8,294.75,0.026,2296.69,1728.84,567.85
O00500,2025-10-31,South,Office,8,114.04,0.011,902.28,512.99,389.29
O00501,2025-10-31,East,Office,7,308.0,0.087,1968.43,1306.76,661.67
O00502,2025-11-01,East,Office,3,56.86,0.236,130.32,87.81,42.51
O00503,2025-11-02,West,Accessories,4,191.52,0.24,582.22,363.98,218.24
O00504,2025-11-02,West,Electronics,1,275.43,0.057,259.73,189.36,70.37
O00505,2025-11-03,East,Office,5,262.85,0.123,1152.6,703.99,448.61
O00506,2025-11-03,South,Home,2,236.37,0.188,383.86,265.66,118.2
O00507,2025-11-04,West,Office,8,204.32,0.234,1252.07,806.7,445.37
O00508,2025-11-05,West,Electronics,4,88.82,0.054,336.09,240.77,95.32
O00509,2025-11-05,East,Electronics,1,94.88,0.119,83.59,58.68,24.91
O00510,2025-11-06,East,Accessories,1,18.12,0.123,15.89,9.34,6.55
O00511,2025-11-06,North,Electronics,6,165.17,0.24,753.18,530.62,222.56
O00512,2025-11-07,South,Office,5,103.89,0.096,469.58,278.7,190.88
O00513,2025-11-08,East,Home,6,95.67,0.081,527.52,349.36,178.16
O00514,2025-11-08,West,Electronics,8,228.91,0.105,1639.0,1176.75,462.25
O00515,2025-11-09,East,Home,3,67.55,0.055,191.5,146.51,44.99
O00516,2025-11-09,North,Electronics,5,94.23,0.103,422.62,320.34,102.28
O00517,2025-11-10,North,Office,2,265.07,0.19,429.41,340.56,88.85
O00518,2025-11-11,West,Electronics,2,148.0,0.102,265.81,195.49,70.32
O00519,2025-11-11,South,Accessories,3,272.21,0.024,797.03,504.53,292.5
O00520,2025-11-12,East,Accessories,1,75.47,0.034,72.9,48.48,24.42
O00521,2025-11-12,North,Home,1,143.16,0.141,122.97,81.79,41.18
O00522,2025-11-13,West,Accessories,5,223.29,0.087,1019.32,664.05,355.27
O00523,2025-11-14,South,Accessories,4,209.98,0.15,713.93,478.63,235.3
O00524,2025-11-14,North,Home,6,114.17,0.036,660.36,498.85,161.51
O00525,2025-11-15,South,Accessories,6,347.46,0.088,1901.3,1314.57,586.73
O00526,2025-11-16,North,Electronics,6,145.58,0.235,668.21,547.45,120.76
O00527,2025-11-16,North,Accessories,3,228.95,0.011,679.29,532.33,146.96
O00528,2025-11-17,South,Office,5,70.94,0.196,285.18,200.68,84.5
O00529,2025-11-17,East,Home,3,73.09,0.211,173.0,104.66,68.34
O00530,2025-11-18,North,Office,3,19.6,0.135,50.86,33.29,17.57
O00531,2025-11-19,South,Electronics,4,94.59,0.196,304.2,178.88,125.32
O00532,2025-11-19,North,Office,4,81.88,0.164,273.81,166.9,106.91
O00533,2025-11-20,East,Electronics,2,281.35,0.033,544.13,413.56,130.57
O00534,2025-11-20,South,Office,7,74.52,0.13,453.83,363.1,90.73
O00535,2025-11-21,East,Office,4,139.19,0.039,535.05,397.18,137.87
O00536,2025-11-22,West,Accessories,1,325.32,0.015,320.44,185.18,135.26
O00537,2025-11-22,North,Electronics,6,143.34,0.058,810.16,561.93,248.23
O00538,2025-11-23,West,Office,3,67.9,0.146,173.96,136.6,37.36
O00539,2025-11-23,West,Accessories,7,312.48,0.083,2005.81,1202.87,802.94
O00540,2025-11-24,North,Accessories,3,69.51,0.054,197.27,121.73,75.54
O00541,2025-11-25,South,Accessories,7,331.16,0.095,2097.9,1679.79,418.11
O00542,2025-11-25,West,Office,8,332.5,0.048,2532.32,1947.45,584.87
O00543,2025-11-26,West,Home,5,84.87,0.038,408.22,314.56,93.66
O00544,2025-11-26,North,Office,5,101.06,0.092,458.81,317.12,141.69
O00545,2025-11-27,West,Electronics,2,243.02,0.006,483.12,344.29,138.83
O00546,2025-11-28,North,Office,2,129.55,0.174,214.02,168.5,45.52
O00547,2025-11-28,South,Electronics,2,60.22,0.153,102.01,75.76,26.25
O00548,2025-11-29,East,Office,7,180.75,0.166,1055.22,691.31,363.91
O00549,2025-11-30,West,Home,7,16.9,0.19,95.82,66.88,28.94
O00550,2025-11-30,North,Home,3,97.13,0.06,273.91,217.5,56.41
O00551,2025-12-01,West,Accessories,7,222.37,0.208,1232.82,913.53,319.29
O00552,2025-12-01,West,Home,4,341.82,0.081,1256.53,869.65,386.88
O00553,2025-12-02,South,Office,2,34.85,0.085,63.78,37.26,26.52
O00554,2025-12-03,South,Electronics,3,45.45,0.2,109.08,63.49,45.59
O00555,2025-12-03,North,Office,4,170.19,0.176,560.95,316.4,244.55
O00556,2025-12-04,North,Electronics,2,290.5,0.19,470.61,270.73,199.88
O00557,2025-12-04,North,Office,6,72.26,0.16,364.19,236.63,127.56
O00558,2025-12-05,West,Home,4,207.66,0.094,752.56,505.54,247.02
O00559,2025-12-06,South,Accessories,6,127.27,0.134,661.29,380.48,280.81
O00560,2025-12-06,South,Accessories,5,172.02,0.127,750.87,459.72,291.15
O00561,2025-12-07,South,Office,5,64.3,0.045,307.03,206.36,100.67
O00562,2025-12-07,West,Office,4,298.83,0.186,972.99,760.63,212.36
O00563,2025-12-08,East,Electronics,5,155.62,0.174,642.71,482.12,160.59
O00564,2025-12-09,South,Home,4,23.99,0.096,86.75,70.27,16.48
O00565,2025-12-09,South,Office,3,220.14,0.234,505.88,355.69,150.19
O00566,2025-12-10,North,Home,2,101.27,0.098,182.69,115.63,67.06
O00567,2025-12-10,North,Home,7,269.7,0.036,1819.94,1385.55,434.39
O00568,2025-12-11,North,Accessories,7,18.96,0.249,99.67,73.56,26.11
O00569,2025-12-12,South,Electronics,7,154.47,0.192,873.68,646.67,227.01
O00570,2025-12-12,North,Accessories,7,229.27,0.145,1372.18,959.57,412.61
O00571,2025-12-13,West,Electronics,3,123.0,0.152,312.91,180.43,132.48
O00572,2025-12-13,North,Office,5,140.43,0.078,647.38,398.14,249.24
O00573,2025-12-14,East,Office,8,145.7,0.148,993.09,802.96,190.13
O00574,2025-12-15,South,Accessories,6,243.22,0.22,1138.27,674.47,463.8
O00575,2025-12-15,North,Home,2,326.38,0.057,615.55,414.2,201.35
O00576,2025-12-16,North,Accessories,8,326.23,0.041,2502.84,1432.9,1069.94
O00577,2025-12-17,South,Electronics,5,88.77,0.195,357.3,249.58,107.72
O00578,2025-12-17,West,Office,2,198.58,0.17,329.64,222.56,107.08
O00579,2025-12-18,East,Electronics,2,164.84,0.052,312.54,194.8,117.74
O00580,2025-12-18,East,Accessories,2,90.73,0.169,150.79,101.11,49.68
O00581,2025-12-19,East,Office,2,240.83,0.18,394.96,241.75,153.21
O00582,2025-12-20,South,Electronics,2,299.61,0.07,557.27,342.09,215.18
O00583,2025-12-20,East,Accessories,8,247.05,0.077,1824.22,1483.91,340.31
O00584,2025-12-21,West,Accessories,5,96.04,0.038,461.95,353.66,108.29
O00585,2025-12-21,East,Electronics,6,304.4,0.139,1572.53,961.59,610.94
O00586,2025-12-22,East,Electronics,1,262.01,0.162,219.56,124.01,95.55
O00587,2025-12-23,North,Electronics,6,146.14,0.139,754.96,448.22,306.74
O00588,2025-12-23,East,Electronics,6,220.0,0.069,1228.92,685.22,543.7
O00589,2025-12-24,North,Electronics,1,257.12,0.123,225.49,135.4,90.09
O00590,2025-12-24,East,Home,1,259.33,0.083,237.81,150.62,87.19
O00591,2025-12-25,West,Office,5,143.0,0.084,654.94,493.19,161.75
O00592,2025-12-26,South,Electronics,1,52.94,0.111,47.06,33.14,13.92
O00593,2025-12-26,East,Office,3,236.67,0.103,636.88,365.66,271.22
O00594,2025-12-27,South,Office,8,198.9,0.083,1459.13,1168.24,290.89
O00595,2025-12-27,West,Electronics,8,208.83,0.104,1496.89,1115.86,381.03
O00596,2025-12-28,West,Home,3,292.48,0.021,859.01,591.62,267.39
O00597,2025-12-29,North,Accessories,8,305.16,0.055,2307.01,1627.96,679.05
O00598,2025-12-29,South,Electronics,5,218.07,0.25,817.76,587.83,229.93
O00599,2025-12-30,South,Electronics,5,264.21,0.158,1112.32,793.61,318.71
O00600,2025-12-31,South,Electronics,4,244.15,0.117,862.34,674.12,188.22
